"Section","QuestionID","Question","ChoiceA","ChoiceB","ChoiceC","ChoiceD","CorrectAnswer","Source"
"Human Factors – 040.01","040.01 Q0001","What percentage (approximately) of aviation accidents since 1980s was caused by human factors?","0,8","Option 2","Option 3","Option 4","0,8","Synthesized"
"Human Factors – 040.01","040.01 Q0002","Why is Reason's accident causation model called 'Swiss Cheese Model'?","Because it features holes in multiple layers of error defence","Option 2","Option 3","Option 4","Because it features holes in multiple layers of error defence","Synthesized"
"Human Factors – 040.01","040.01 Q0003","What does Shell in Shell model of human factors mean?","It's an acronym: Software, Hardware, Environment, Liveware and Liveware","Option 2","Option 3","Option 4","It's an acronym: Software, Hardware, Environment, Liveware and Liveware","Synthesized"
"Human Factors – 040.01","040.01 Q0004","Which of the following statements regarding just culture is true?","is an atmosphere of trust in which people are encouraged to report safety information and are not held responsible for honest mistakes","Option 2","Option 3","Option 4","is an atmosphere of trust in which people are encouraged to report safety information and are not held responsible for honest mistakes","Synthesized"
"Human Factors – 040.01","040.01 Q0005","What is an error?","A result of human action or inaction that causes a deviation from organisational or flight crew intentions or expectations","Option 2","Option 3","Option 4","A result of human action or inaction that causes a deviation from organisational or flight crew intentions or expectations","Synthesized"
"Human Factors – 040.01","040.01 Q0006","Which of these is NOT a part of software in the Shell model?","Flight Management System in an aircraft","Option 2","Option 3","Option 4","Flight Management System in an aircraft","Synthesized"
"Human Factors – 040.01","040.01 Q0007","Which of the following is true regarding the accessibility of engines for maintenance?","It is acknowleged in the Shell model because it concerns people interacting with aircraft","Option 2","Option 3","Option 4","It is acknowleged in the Shell model because it concerns people interacting with aircraft","Synthesized"
"Human Factors – 040.01","040.01 Q0008","What is safety culture?","It's the way safety is perceived, prioristised and valued in an organisation.","Option 2","Option 3","Option 4","It's the way safety is perceived, prioristised and valued in an organisation.","Synthesized"
"Human Factors – 040.01","040.01 Q0009","What does TEM stand for?","Threat and Error Management","Option 2","Option 3","Option 4","Threat and Error Management","Synthesized"
"Human Factors – 040.01","040.01 Q0010","What are the components of TEM?","Threats, errors and undesired aircraft states.","Option 2","Option 3","Option 4","Threats, errors and undesired aircraft states.","Synthesized"
"Human Factors – 040.01","040.01 Q0011","What is an aircraft flying through a storm that could have been avoided an example of?","an undesired aircraft state","Option 2","Option 3","Option 4","an undesired aircraft state","Synthesized"
"Human Factors – 040.01","040.01 Q0012","What is a storm over the destination airport that has been reported in the METAR an example of?","an anticipated threat","Option 2","Option 3","Option 4","an anticipated threat","Synthesized"
"Human Factors – 040.01","040.01 Q0013","Which group contains only environmental threats for the pilot?","Bad weather, difficult terrain, overworked ATC, other aircraft","Difficult terrain, delays, overworked ATC, bad weather","Option 2","Option 3","Bad weather, difficult terrain, overworked ATC, other aircraft","Synthesized"
"Human Factors – 040.01","040.01 Q0014","What is a latent threat?","It is a threat that rarely manifests itself and is hard to directly observe or detect by the air crew.","Option 2","Option 3","Option 4","It is a threat that rarely manifests itself and is hard to directly observe or detect by the air crew.","Synthesized"
"Human Factors – 040.01","040.01 Q0015","Which of these is NOT one of the pilot's core competencies according to ICAO?","Memory and learning","Option 2","Option 3","Option 4","Memory and learning","Synthesized"
"Human Factors – 040.01","040.01 Q0016","Which of the statements regarding the professional culture is true?","It is a set of similar behaviours and values adopted by people working in the same profession","Option 2","Option 3","Option 4","It is a set of similar behaviours and values adopted by people working in the same profession","Synthesized"
"Human Factors – 040.01","040.01 Q0017","What is the concern of the environment of the Shell model?","Natural surroundings, social and economic context in which aircraft and aviation personnel operate.","Option 2","Option 3","Option 4","Natural surroundings, social and economic context in which aircraft and aviation personnel operate.","Synthesized"
"Human Factors – 040.01","040.01 Q0018","Which group contains only the elements that form a safety culture according to James Reason?","Informed culture, Reporting culture, Learning culture, Flexible culture, Just culture","Option 2","Option 3","Option 4","Informed culture, Reporting culture, Learning culture, Flexible culture, Just culture","Synthesized"
"Human Factors – 040.01","040.01 Q0019","What is an SMS in aviation?","Safety Management System","Option 2","Option 3","Option 4","Safety Management System","Synthesized"
"Human Factors – 040.01","040.01 Q0020","Which of these is a part of an SMS?","Risk management","Option 2","Option 3","Option 4","Risk management","Synthesized"
"Human Factors – 040.01","040.01 Q0021","What are the errors divided under TEM?","Procedural errors, communication errors and aircraft handling errors","Option 2","Option 3","Option 4","Procedural errors, communication errors and aircraft handling errors","Synthesized"
"Human Factors – 040.01","040.01 Q0022","Which of the following statements regarding safety is true?","Correctly managed threats do not lead to errors","Option 2","Option 3","Option 4","Correctly managed threats do not lead to errors","Synthesized"
"Human Factors – 040.01","040.01 Q0023","Pilot pulling a sidestick/yoke hard when the aircraft is at a critical angle of attack is an example of:","an error","Option 2","Option 3","Option 4","an error","Synthesized"
"Human Factors – 040.01","040.01 Q0024","Which sentence describes closed culture organisations?","Failures are covered up","Option 2","Option 3","Option 4","Failures are covered up","Synthesized"
"Human Factors – 040.01","040.01 Q0025","Implementing effective communication regarding safety:","is part of an SMS","Option 2","Option 3","Option 4","is part of an SMS","Synthesized"
"Human Factors – 040.01","040.01 Q0026","040.01 Q0026 : Which of the following statements regarding threats and errors is true?","They are part of everyday operations","Option 2","Option 3","Option 4","They are part of everyday operations","Synthesized"
"Human Factors – 040.01","040.01 Q0027","What is a threat?","an event beyond pilot's control that increases complexity of a given task","Option 2","Option 3","Option 4","an event beyond pilot's control that increases complexity of a given task","Synthesized"
"Human Factors – 040.01","040.01 Q0028","Which of the following desribe insufficient pilot training?","It is an organisational and latent threat","Option 2","Option 3","Option 4","It is an organisational and latent threat","Synthesized"
"Human Factors – 040.01","040.01 Q0029","What statements are true regarding GPWS (Ground Proximity Warning System)?","It is an example of countermeasures against threats, errors and undesired aircraft states","Option 2","Option 3","Option 4","It is an example of countermeasures against threats, errors and undesired aircraft states","Synthesized"
"Human Factors – 040.02(1)","040.02(1) Q0001","What is the composition of Earth's atmosphere?","Nitrogen 78%, Oxygen 21%, Other 1%","Option 2","Option 3","Option 4","Nitrogen 78%, Oxygen 21%, Other 1%","Synthesized"
"Human Factors – 040.02(1)","040.02(1) Q0002","At what altitude does air pressure fall to 50% of sea level pressure?","18,000 ft","Option 2","Option 3","Option 4","18,000 ft","Synthesized"
"Human Factors – 040.02(1)","040.02(1) Q0003","Which statement describes the International Standard Atmosphere?","Pressure falls with altitude in the whole atmosphere, temperature falls in the troposphere but remains constant in the stratosphere until upper limit of ICAO ISA","Option 2","Option 3","Option 4","Pressure falls with altitude in the whole atmosphere, temperature falls in the troposphere but remains constant in the stratosphere until upper limit of ICAO ISA","Synthesized"
"Human Factors – 040.02(1)","040.02(1) Q0004","Up to what altitude does the atmosphere composition remain constant?","70,000 ft","Option 2","Option 3","Option 4","70,000 ft","Synthesized"
"Human Factors – 040.02(1)","040.02(1) Q0005","Which of the following is true regarding ozone?","It consists of 3 oxygen atoms","Option 2","Option 3","Option 4","It consists of 3 oxygen atoms","Synthesized"
"Human Factors – 040.02(1)","040.02(1) Q0006","What relative humidity is required for human comfort?","40% - 60%","Option 2","Option 3","Option 4","40% - 60%","Synthesized"
"Human Factors – 040.02(1)","040.02(1) Q0007","Where does cosmic radiation come from? Select the most complete answer.","Sun and galaxy","Option 2","Option 3","Option 4","Sun and galaxy","Synthesized"
"Human Factors – 040.02(1)","040.02(1) Q0008","Which statement describes the exposition to cosmic radiation?","Bigger at high altitudes","Option 2","Option 3","Option 4","Bigger at high altitudes","Synthesized"
"Human Factors – 040.02(1)","040.02(1) Q0009","Where does oxygen pass into the blood?","In the alveoli","Option 2","Option 3","Option 4","In the alveoli","Synthesized"
"Human Factors – 040.02(1)","040.02(1) Q0010","How is oxygen and carbon dioxide carried in the blood?","Oxygen gets attached to haemoglobin and carbon dioxide is dissolved in blood","Option 2","Option 3","Option 4","Oxygen gets attached to haemoglobin and carbon dioxide is dissolved in blood","Synthesized"
"Human Factors – 040.02(1)","040.02(1) Q0011","What volume of air does a healthy man inhale normally?","500 ml","Option 2","Option 3","Option 4","500 ml","Synthesized"
"Human Factors – 040.02(1)","040.02(1) Q0012","When taking a deep breath, how much air can a healthy male inhale?","3500 ml","Option 2","Option 3","Option 4","3500 ml","Synthesized"
"Human Factors – 040.02(1)","040.02(1) Q0013","Which of the following describes pulmonary volumes?","20-25% smaller for women than for men","Option 2","Option 3","Option 4","20-25% smaller for women than for men","Synthesized"
"Human Factors – 040.02(1)","040.02(1) Q0014","What is the average pressure at sea level?","760mmHg","Option 2","Option 3","Option 4","760mmHg","Synthesized"
"Human Factors – 040.02(1)","040.02(1) Q0015","What is the percentage of oxygen and carbon dioxide in alveolar air at sea level?","14% oxygen and 5.3% carbon dioxide","Option 2","Option 3","Option 4","14% oxygen and 5.3% carbon dioxide","Synthesized"
"Human Factors – 040.02(1)","040.02(1) Q0016","What is the minimum partial pressure of oxygen in the alveoli for an untrained human?","55 mmHg","103 mmHg","Option 2","Option 3","55 mmHg","Synthesized"
"Human Factors – 040.02(1)","040.02(1) Q0017","Breathing pure oxygen in an unpressurised aircraft at 40,000 ft is equivalent to breathing normal air at what altitude?","10,000 ft","Option 2","Option 3","Option 4","10,000 ft","Synthesized"
"Human Factors – 040.02(1)","040.02(1) Q0018","Breathing pure oxygen in an unpressurised aircraft at 30,000 ft is equivalent to breathing normal air at what altitude?","Sea level","Option 2","Option 3","Option 4","Sea level","Synthesized"
"Human Factors – 040.02(1)","040.02(1) Q0019","How high can an average human breathe ambient, non-pressurised air without side-effects?","10,000 ft","Option 2","Option 3","Option 4","10,000 ft","Synthesized"
"Human Factors – 040.02(1)","040.02(1) Q0020","What is the initial symptom of hypoxia?","Blue tinged lips and fingers","Option 2","Option 3","Option 4","Blue tinged lips and fingers","Synthesized"
"Human Factors – 040.02(1)","040.02(1) Q0021","What happens at low carbon dioxide blood levels?","Oxygen moves into tissues slowly","Option 2","Option 3","Option 4","Oxygen moves into tissues slowly","Synthesized"
"Human Factors – 040.02(1)","040.02(1) Q0022","If you experience euphoria, loss of sensation in fingertips, cyanosis and/or impaired judgement, what might you be suffering from?","Hypoxia","Option 2","Option 3","Option 4","Hypoxia","Synthesized"
"Human Factors – 040.02(1)","040.02(1) Q0023","When breathing pure oxygen, at what altitude do you need to pressurise the aircraft to provide enough oxygen for your body?","40,000 ft","Option 2","Option 3","Option 4","40,000 ft","Synthesized"
"Human Factors – 040.02(1)","040.02(1) Q0024","Euphoria, dizziness, headache, tunnel vision. These are symptoms of which zone (stage) of hypoxia?","Disturbance zone","Option 2","Option 3","Option 4","Disturbance zone","Synthesized"
"Human Factors – 040.02(1)","040.02(1) Q0025","What is the time of useful consciousness after a rapid decompression at 30,000 ft?","30 seconds","Option 2","Option 3","Option 4","30 seconds","Synthesized"
"Human Factors – 040.02(1)","040.02(1) Q0026","What increases the risk of decompression sickness in flight?","Scuba diving before flight","Option 2","Option 3","Option 4","Scuba diving before flight","Synthesized"
"Human Factors – 040.02(1)","040.02(1) Q0027","What is the cabin pressure in flight is equal to in commercial jet aircraft?","Pressure at 8,000 ft","Pressure at 10,000 ft","Option 2","Option 3","Pressure at 8,000 ft","Synthesized"
"Human Factors – 040.02(1)","040.02(1) Q0028","What are the types of blood cells? Select the most complete answer","Red blood cells, white blood cells and platelets","Option 2","Option 3","Option 4","Red blood cells, white blood cells and platelets","Synthesized"
"Human Factors – 040.02(1)","040.02(1) Q0029","What is anaemia?","Lack of haemoglobin or red blood cells in the blood","Option 2","Option 3","Option 4","Lack of haemoglobin or red blood cells in the blood","Synthesized"
"Human Factors – 040.02(1)","040.02(1) Q0030","What is the desire to breathe driven by?","The blood concentration of CO2","The blood concentration of oxygen","Option 2","Option 3","The blood concentration of CO2","Synthesized"
"Human Factors – 040.02(1)","040.02(1) Q0031","What is hyperventilation caused by?","Too low CO2 concentration in blood","Option 2","Option 3","Option 4","Too low CO2 concentration in blood","Synthesized"
"Human Factors – 040.02(1)","040.02(1) Q0032","Which statement describes carbon monoxide?","It is toxic as it binds with haemoglobin, blocking it from carrying oxygen","Option 2","Option 3","Option 4","It is toxic as it binds with haemoglobin, blocking it from carrying oxygen","Synthesized"
"Human Factors – 040.02(1)","040.02(1) Q0033","What should you NOT do to counteract hyperventilation?","Attempt to take a deep breath","Option 2","Option 3","Option 4","Attempt to take a deep breath","Synthesized"
"Human Factors – 040.02(1)","040.02(1) Q0034","What is the human heart divided into?","2 atria (atriums) and 2 ventricles","Option 2","Option 3","Option 4","2 atria (atriums) and 2 ventricles","Synthesized"
"Human Factors – 040.02(1)","040.02(1) Q0035","What is the route of oxygenated blood in the human body?","From the lungs, through left artrium and left ventricle into the body","From the lungs, through right atrium and right ventricle into the body","Option 2","Option 3","From the lungs, through left artrium and left ventricle into the body","Synthesized"
"Human Factors – 040.02(1)","040.02(1) Q0036","What is the route of deoxygenated blood in the human body?","From the body, through right atrium and right ventricle into the lungs","Option 2","Option 3","Option 4","From the body, through right atrium and right ventricle into the lungs","Synthesized"
"Human Factors – 040.02(1)","040.02(1) Q0037","What is aorta?","The biggest arteriy of a body, connected to the heart","Option 2","Option 3","Option 4","The biggest arteriy of a body, connected to the heart","Synthesized"
"Human Factors – 040.02(1)","040.02(1) Q0038","What is a normal heart rate at rest?","60 - 100 bpm","Option 2","Option 3","Option 4","60 - 100 bpm","Synthesized"
"Human Factors – 040.02(1)","040.02(1) Q0039","How does the heart rate change under stress?","It goes up","Option 2","Option 3","Option 4","It goes up","Synthesized"
"Human Factors – 040.02(1)","040.02(1) Q0040","What is the cardiac output of an average adult?","5 l/min","Option 2","Option 3","Option 4","5 l/min","Synthesized"
"Human Factors – 040.02(1)","040.02(1) Q0041","What is systolic pressure?","It is the blood pressure during heart contraction","Option 2","Option 3","Option 4","It is the blood pressure during heart contraction","Synthesized"
"Human Factors – 040.02(1)","040.02(1) Q0042","What is diastolic pressure?","It is the blood pressure between heart contractions","Option 2","Option 3","Option 4","It is the blood pressure between heart contractions","Synthesized"
"Human Factors – 040.02(1)","040.02(1) Q0043","In what unit is blood pressure usually given?","mmHg","Option 2","Option 3","Option 4","mmHg","Synthesized"
"Human Factors – 040.02(1)","040.02(1) Q0044","What is the normal blood pressure of a healthy adult?","120/80","Option 2","Option 3","Option 4","120/80","Synthesized"
"Human Factors – 040.02(1)","040.02(1) Q0045","What is the leading factor increasing the risk of coronary heart disease?","Obesity","Option 2","Option 3","Option 4","Obesity","Synthesized"
"Human Factors – 040.02(1)","040.02(1) Q0046","How does smoking affect hypoxia?","Smokers experience hypoxia symptoms sooner than nosmokers","Option 2","Option 3","Option 4","Smokers experience hypoxia symptoms sooner than nosmokers","Synthesized"
"Human Factors – 040.02(1)","040.02(1) Q0047","How does donating blood affect one's ability to fly?","Pilots should not fly for 24 hours after donating blood","Option 2","Option 3","Option 4","Pilots should not fly for 24 hours after donating blood","Synthesized"
"Human Factors – 040.02(1)","040.02(1) Q0048","040.02 Part 1 Q0048 : What does Henry's Law state?","The amount of gas dissolved in a liquid is proportional to the partial pressure of that gas.","Option 2","Option 3","Option 4","The amount of gas dissolved in a liquid is proportional to the partial pressure of that gas.","Synthesized"
"Human Factors – 040.02(1)","040.02(1) Q0049","What is decompression sickness caused by?","Nitrogen forming bubbles in the blood","Option 2","Option 3","Option 4","Nitrogen forming bubbles in the blood","Synthesized"
"Human Factors – 040.02(1)","040.02(1) Q0050","How does diving affect decompression sickness?","It makes people more susceptible","Option 2","Option 3","Option 4","It makes people more susceptible","Synthesized"
"Human Factors – 040.02(1)","040.02(1) Q0051","Humans are most resistant to acceleration in what direction?","Positive X","Option 2","Option 3","Option 4","Positive X","Synthesized"
"Human Factors – 040.02(1)","040.02(1) Q0052","What is the most common direction of acceleration experienced in flight?","Positive Z","Option 2","Option 3","Option 4","Positive Z","Synthesized"
"Human Factors – 040.02(1)","040.02(1) Q0053","What is black-out caused by?","Positive Z acceleration and blood deprivation of the eyes and brain","Option 2","Option 3","Option 4","Positive Z acceleration and blood deprivation of the eyes and brain","Synthesized"
"Human Factors – 040.02(1)","040.02(1) Q0054","What is red-out caused by?","Negative Z acceleration and blood pooling of the eyes and head","Option 2","Option 3","Option 4","Negative Z acceleration and blood pooling of the eyes and head","Synthesized"
"Human Factors – 040.02(2)","040.02(2) Q0001","What are the parts of a synapse?","Axon and dendrite","Option 2","Option 3","Option 4","Axon and dendrite","Synthesized"
"Human Factors – 040.02(2)","040.02(2) Q0002","What is adaptation?","It is a change in sensitivity to a particular stimulus","Option 2","Option 3","Option 4","It is a change in sensitivity to a particular stimulus","Synthesized"
"Human Factors – 040.02(2)","040.02(2) Q0003","What does Central Nervous System consist of?","Brain and spinal cord","Option 2","Option 3","Option 4","Brain and spinal cord","Synthesized"
"Human Factors – 040.02(2)","040.02(2) Q0004","Which answer only lists parts of the middle ear?","Maleus, incus, stapes","Option 2","Option 3","Option 4","Maleus, incus, stapes","Synthesized"
"Human Factors – 040.02(2)","040.02(2) Q0005","What is the function of the eardrum?","It transforms soundwaves into mechanical vibration of ossicles","Option 2","Option 3","Option 4","It transforms soundwaves into mechanical vibration of ossicles","Synthesized"
"Human Factors – 040.02(2)","040.02(2) Q0006","How many ear bones are there and what are they called?","3 - maleus, incus, stapes","Option 2","Option 3","Option 4","3 - maleus, incus, stapes","Synthesized"
"Human Factors – 040.02(2)","040.02(2) Q0007","What is the function of the Eustachian tube?","To equlise the pressure on both sides of the ear drum","Option 2","Option 3","Option 4","To equlise the pressure on both sides of the ear drum","Synthesized"
"Human Factors – 040.02(2)","040.02(2) Q0008","What causes Noise-Induced Hearing Loss?","Damage to the stereocilia","Option 2","Option 3","Option 4","Damage to the stereocilia","Synthesized"
"Human Factors – 040.02(2)","040.02(2) Q0009","What is the difference between 20 dB loud sound and 30 dB loud sound?","30 dB is 10 times louder than 20 dB","Option 2","Option 3","Option 4","30 dB is 10 times louder than 20 dB","Synthesized"
"Human Factors – 040.02(2)","040.02(2) Q0010","What noise level is the threshold of Noise-Induced Hearing Loss?","90 dB","Option 2","Option 3","Option 4","90 dB","Synthesized"
"Human Factors – 040.02(2)","040.02(2) Q0011","What frequency range can a young healthy human hear?","20 Hz - 20 kHz","Option 2","Option 3","Option 4","20 Hz - 20 kHz","Synthesized"
"Human Factors – 040.02(2)","040.02(2) Q0012","Which tones are affected by old age hearing loss first?","High tones first","Option 2","Option 3","Option 4","High tones first","Synthesized"
"Human Factors – 040.02(2)","040.02(2) Q0013","What does the vestibular system consist of?","3 semicircular canals and 2 otolith organs","Option 2","Option 3","Option 4","3 semicircular canals and 2 otolith organs","Synthesized"
"Human Factors – 040.02(2)","040.02(2) Q0014","What is the function of otolith organs?","They detect linear acceleration","Option 2","Option 3","Option 4","They detect linear acceleration","Synthesized"
"Human Factors – 040.02(2)","040.02(2) Q0015","What is the function of semicircular canals?","They detect angular acceleration","Option 2","Option 3","Option 4","They detect angular acceleration","Synthesized"
"Human Factors – 040.02(2)","040.02(2) Q0016","What are the semicircular canals filled with?","Endolymph","Option 2","Option 3","Option 4","Endolymph","Synthesized"
"Human Factors – 040.02(2)","040.02(2) Q0017","What are the limitations of semicircular canals? Select the most complete answer.","They cannot detect rotation slower than 0.5 deg / s^2 and longer than 10 seconds","Option 2","Option 3","Option 4","They cannot detect rotation slower than 0.5 deg / s^2 and longer than 10 seconds","Synthesized"
"Human Factors – 040.02(2)","040.02(2) Q0018","What is proprioception?","It is the sense of own body position","Option 2","Option 3","Option 4","It is the sense of own body position","Synthesized"
"Human Factors – 040.02(2)","040.02(2) Q0019","What is motion sickness caused by?","Mismatch between visual and vestibular sensations","Option 2","Option 3","Option 4","Mismatch between visual and vestibular sensations","Synthesized"
"Human Factors – 040.02(2)","040.02(2) Q0020","What should you do to cope with the motion sickness?","Look at the horizon as it provides a steady reference point","Option 2","Option 3","Option 4","Look at the horizon as it provides a steady reference point","Synthesized"
"Human Factors – 040.02(2)","040.02(2) Q0021","Which part of the eye functions similarly to the aperture of the camera?","Pupil","Option 2","Option 3","Option 4","Pupil","Synthesized"
"Human Factors – 040.02(2)","040.02(2) Q0022","Which part of the eye gives the outer part of the eye its white color?","Sclera","Option 2","Option 3","Option 4","Sclera","Synthesized"
"Human Factors – 040.02(2)","040.02(2) Q0023","Where is the blindspot located?","On the retina, in the place where optic nerve enters the eye","Option 2","Option 3","Option 4","On the retina, in the place where optic nerve enters the eye","Synthesized"
"Human Factors – 040.02(2)","040.02(2) Q0024","How is accommodation achieved?","Changing the shape of the lens","Option 2","Option 3","Option 4","Changing the shape of the lens","Synthesized"
"Human Factors – 040.02(2)","040.02(2) Q0025","What are the primary colours detected by cones in the human eye? Select the most complete answer.","Red, green and blue","Option 2","Option 3","Option 4","Red, green and blue","Synthesized"
"Human Factors – 040.02(2)","040.02(2) Q0026","What are rods in the eye?","Light sensitive cells that cannot distinguish colours","Option 2","Option 3","Option 4","Light sensitive cells that cannot distinguish colours","Synthesized"
"Human Factors – 040.02(2)","040.02(2) Q0027","What does visual acuity of 6/12 mean?","A person sees worse than average","Option 2","Option 3","Option 4","A person sees worse than average","Synthesized"
"Human Factors – 040.02(2)","040.02(2) Q0028","What is fovea?","Place in the eye that image is focused on and in contains most cones in the whole eye","Option 2","Option 3","Option 4","Place in the eye that image is focused on and in contains most cones in the whole eye","Synthesized"
"Human Factors – 040.02(2)","040.02(2) Q0029","How is night vision achieved?","Night vision is achieved using rods and has the highest acuity 1020 degrees from the centre of field of vision","Option 2","Option 3","Option 4","Night vision is achieved using rods and has the highest acuity 1020 degrees from the centre of field of vision","Synthesized"
"Human Factors – 040.02(2)","040.02(2) Q0030","Which statement describes eye adaptation?","It takes about 30 minutes when going from bright to dark conditions and 10 seconds when going from dark to bright conditions","Option 2","Option 3","Option 4","It takes about 30 minutes when going from bright to dark conditions and 10 seconds when going from dark to bright conditions","Synthesized"
"Human Factors – 040.02(2)","040.02(2) Q0031","Which of the following negatively affects night vision?","Hypoxia","Option 2","Option 3","Option 4","Hypoxia","Synthesized"
"Human Factors – 040.02(2)","040.02(2) Q0032","What do human use to perceive depth?","Monocular cues for far objects and binocular cues for close objects","Option 2","Option 3","Option 4","Monocular cues for far objects and binocular cues for close objects","Synthesized"
"Human Factors – 040.02(2)","040.02(2) Q0033","How does colour blindness affect both sexes?","It affects men more frequently than women","Option 2","Option 3","Option 4","It affects men more frequently than women","Synthesized"
"Human Factors – 040.02(2)","040.02(2) Q0034","How is myopia corrected?","Concave lenses","Option 2","Option 3","Option 4","Concave lenses","Synthesized"
"Human Factors – 040.02(2)","040.02(2) Q0035","How is hypermetropia corrected?","Convex lenses","Option 2","Option 3","Option 4","Convex lenses","Synthesized"
"Human Factors – 040.02(2)","040.02(2) Q0036","How is astigmatism corrected?","Cylindrical lenses","Option 2","Option 3","Option 4","Cylindrical lenses","Synthesized"
"Human Factors – 040.02(2)","040.02(2) Q0037","When does a pilot need to have a second pair of corrective glasses? Select the most complete answer.","When flying in corrective glasses or corrective contact lenses","Option 2","Option 3","Option 4","When flying in corrective glasses or corrective contact lenses","Synthesized"
"Human Factors – 040.02(2)","040.02(2) Q0038","What colours and types of light cause damage to the retina?","Blue, violet and ultraviolet","Option 2","Option 3","Option 4","Blue, violet and ultraviolet","Synthesized"
"Human Factors – 040.02(2)","040.02(2) Q0039","What are the symptoms of hypoxia?","Euphoria, loss of sensation in fingertips, cyanosis, impaired judgement","Option 2","Option 3","Option 4","Euphoria, loss of sensation in fingertips, cyanosis, impaired judgement","Synthesized"
"Human Factors – 040.02(2)","040.02(2) Q0040","How does hyperventilation affect blood acidity?","Hyperventillation removes too much CO2 from the blood and lowers the blood acidity","Option 2","Option 3","Option 4","Hyperventillation removes too much CO2 from the blood and lowers the blood acidity","Synthesized"
"Human Factors – 040.02(2)","040.02(2) Q0041","040.02 Part 2 Q0041 : What vessels supply the heart with blood?","Coronary arteries","Option 2","Option 3","Option 4","Coronary arteries","Synthesized"
"Human Factors – 040.02(2)","040.02(2) Q0042","What illusion can a pilot suffer from when approaching a runway that is wider than the pilot is used to?","The aircraft is closer to runway that it is in reality","Option 2","Option 3","Option 4","The aircraft is closer to runway that it is in reality","Synthesized"
"Human Factors – 040.02(2)","040.02(2) Q0043","What illusion can a pilot suffer from when approaching a downsloping runway?","The aircraft is lower than in reality","Option 2","Option 3","Option 4","The aircraft is lower than in reality","Synthesized"
"Human Factors – 040.02(2)","040.02(2) Q0044","What does """"Black-hole"""" approach refer to?","Approach at night when no horizon or lights in fornt of the runway are visible","Option 2","Option 3","Option 4","Approach at night when no horizon or lights in fornt of the runway are visible","Synthesized"
"Human Factors – 040.02(2)","040.02(2) Q0045","What causes the autokinesis illusion?","Involuntary eye movement","Option 2","Option 3","Option 4","Involuntary eye movement","Synthesized"
"Human Factors – 040.02(2)","040.02(2) Q0046","You are sitting in a car, waiting for a green light. Suddenly you see another car roll slowly forwards in the next lane and feel a strong sensation of backwards movement of your own car. What is this an example of?","Vection illusion","Option 2","Option 3","Option 4","Vection illusion","Synthesized"
"Human Factors – 040.02(2)","040.02(2) Q0047","Which of the following describe """"the leans""""?","Set in after 30 seconds of continuous rotation","Option 2","Option 3","Option 4","Set in after 30 seconds of continuous rotation","Synthesized"
"Human Factors – 040.02(2)","040.02(2) Q0048","Which of the following describes a graveyard spiral?","Can result in CFIT","Option 2","Option 3","Option 4","Can result in CFIT","Synthesized"
"Human Factors – 040.02(2)","040.02(2) Q0049","What causes the opposite turn illusion?","Endolymph continuing to move after head movement has stopped","Option 2","Option 3","Option 4","Endolymph continuing to move after head movement has stopped","Synthesized"
"Human Factors – 040.02(2)","040.02(2) Q0050","What does a pilot suffering from somatogravic illusion in an accelerating aeroplane feel?","The aeroplane is pitching up","Option 2","Option 3","Option 4","The aeroplane is pitching up","Synthesized"
"Human Factors – 040.02(2)","040.02(2) Q0051","What does a pilot suffering from somatogravic illusion in a decelerating aeroplane feel?","The aeroplane is pitching down","Option 2","Option 3","Option 4","The aeroplane is pitching down","Synthesized"
"Human Factors – 040.02(3)","040.02(3) Q0001","How long does a circadian rhythm without outside stimuli take?","25 hours","Option 2","Option 3","Option 4","25 hours","Synthesized"
"Human Factors – 040.02(3)","040.02(3) Q0002","In what phase of sleep do dreams appear?","REM phase","Option 2","Option 3","Option 4","REM phase","Synthesized"
"Human Factors – 040.02(3)","040.02(3) Q0003","When is the body temperature the lowest?","At 5 AM","Option 2","Option 3","Option 4","At 5 AM","Synthesized"
"Human Factors – 040.02(3)","040.02(3) Q0004","What is the average length of a sleep cycle?","90 minutes","Option 2","Option 3","Option 4","90 minutes","Synthesized"
"Human Factors – 040.02(3)","040.02(3) Q0005","What is the BMI of a person that weighs 100 kg and is 2 m tall?","25","Option 2","Option 3","Option 4","25","Synthesized"
"Human Factors – 040.02(3)","040.02(3) Q0006","Over what BMI value is a person considered obese?","30","Option 2","Option 3","Option 4","30","Synthesized"
"Human Factors – 040.02(3)","040.02(3) Q0007","Over what BMI value is a person considered overweight?","25","Option 2","Option 3","Option 4","25","Synthesized"
"Human Factors – 040.02(3)","040.02(3) Q0008","What is barotrauma caused by?","By the gas inside a body expanding when the pressure decreases","Option 2","Option 3","Option 4","By the gas inside a body expanding when the pressure decreases","Synthesized"
"Human Factors – 040.02(3)","040.02(3) Q0009","How can you avoid otic barotrauma? Select the most complete answer.","Swallowing during climb and descent and yawning","Option 2","Option 3","Option 4","Swallowing during climb and descent and yawning","Synthesized"
"Human Factors – 040.02(3)","040.02(3) Q0010","Which diseases are carried by mosquitoes?","Malaria and yellow fever","Option 2","Option 3","Option 4","Malaria and yellow fever","Synthesized"
"Human Factors – 040.02(3)","040.02(3) Q0011","How can you protect yourself from malaria? Select the most complete answer.","Use insect repellents and sleep under a mosquito net","Option 2","Option 3","Option 4","Use insect repellents and sleep under a mosquito net","Synthesized"
"Human Factors – 040.02(3)","040.02(3) Q0012","Which of these contain caffeine? Select the most complete answer.","Coffee, tea, chocolate, coca-cola style soda","Option 2","Option 3","Option 4","Coffee, tea, chocolate, coca-cola style soda","Synthesized"
"Human Factors – 040.02(3)","040.02(3) Q0013","What are the symptoms of type 2 diabetes?","High blood sugar and body resistance to insulin","Option 2","Option 3","Option 4","High blood sugar and body resistance to insulin","Synthesized"
"Human Factors – 040.02(3)","040.02(3) Q0014","What part of the spine most often suffers from slipped discs?","Lumbar part","Option 2","Option 3","Option 4","Lumbar part","Synthesized"
"Human Factors – 040.02(3)","040.02(3) Q0015","What foods should be avoided to avoid food poisoning? Select the most complete answer.","Seafood, mayonnaise, ice-cream and raw meat","Option 2","Option 3","Option 4","Seafood, mayonnaise, ice-cream and raw meat","Synthesized"
"Human Factors – 040.02(3)","040.02(3) Q0016","Which of the following diseases can be vaccinated against? Select the most complete answer.","Tuberculosis, yellow fever, tetanus, typhoid fever, hepatisis","Option 2","Option 3","Option 4","Tuberculosis, yellow fever, tetanus, typhoid fever, hepatisis","Synthesized"
"Human Factors – 040.02(3)","040.02(3) Q0017","Which of the following diseases spread through infected animals?","Rabies, malaria, yellow fever","Option 2","Option 3","Option 4","Rabies, malaria, yellow fever","Synthesized"
"Human Factors – 040.02(3)","040.02(3) Q0018","What is the fatality rate of rabies in individuals that show symptoms?","1","Option 2","Option 3","Option 4","1","Synthesized"
"Human Factors – 040.02(3)","040.02(3) Q0019","Which of the following substances enter the lungs when smoking a cigarette? Select the most complete answer.","Nicotine, tar and carbon monoxide","Option 2","Option 3","Option 4","Nicotine, tar and carbon monoxide","Synthesized"
"Human Factors – 040.02(3)","040.02(3) Q0020","What is the EASA's limit of blood alcohol concentration for flying?","0.0002","Option 2","Option 3","Option 4","0.0002","Synthesized"
"Human Factors – 040.02(3)","040.02(3) Q0021","How long should a pilot wait before flying if they consumed alcohol?","8 hours","Option 2","Option 3","Option 4","8 hours","Synthesized"
"Human Factors – 040.02(3)","040.02(3) Q0022","How can alcohol elimination rate be speed up? Select the most complete answer.","It cannot be speed up","Option 2","Option 3","Option 4","It cannot be speed up","Synthesized"
"Human Factors – 040.02(3)","040.02(3) Q0023","Which of the following medications can be combined with alcohol intake? Select the most complete answer.","Vitamin C and A","Option 2","Option 3","Option 4","Vitamin C and A","Synthesized"
"Human Factors – 040.02(3)","040.02(3) Q0024","When does alcoholism occur?","When the use of alcohol damages person's physical, mental or social life","Option 2","Option 3","Option 4","When the use of alcohol damages person's physical, mental or social life","Synthesized"
"Human Factors – 040.02(3)","040.02(3) Q0025","What should a pilot do when taking medicine before flight?","Consult a medical professional","Option 2","Option 3","Option 4","Consult a medical professional","Synthesized"
"Human Factors – 040.02(3)","040.02(3) Q0026","What is the most common cause of in-flight pilot incapacitation?","Gastro-intestinal upset","Option 2","Option 3","Option 4","Gastro-intestinal upset","Synthesized"
"Human Factors – 040.02(3)","040.02(3) Q0027","040.02 Part 3 Q0027 : Food poisoning usually sets in after what time?","About 90 minutes","Option 2","Option 3","Option 4","About 90 minutes","Synthesized"
"Human Factors – 040.03(1)","040.03(1) Q0001","What is vigilance?","It is the degree of activation of the nervous system","Option 2","Option 3","Option 4","It is the degree of activation of the nervous system","Synthesized"
"Human Factors – 040.03(1)","040.03(1) Q0002","What is hypovigilance?","It is a state of decreased vigilance","Option 2","Option 3","Option 4","It is a state of decreased vigilance","Synthesized"
"Human Factors – 040.03(1)","040.03(1) Q0003","What does 'divided attention' mean?","It means spending a fraction of a second on each of many tasks and switching between them in a loop","Option 2","Option 3","Option 4","It means spending a fraction of a second on each of many tasks and switching between them in a loop","Synthesized"
"Human Factors – 040.03(1)","040.03(1) Q0004","Hearing your name among chatter at a party is _____.","an example of selective attention","Option 2","Option 3","Option 4","an example of selective attention","Synthesized"
"Human Factors – 040.03(1)","040.03(1) Q0005","How many items can a human hold in short-term memory?","5 to 9","Option 2","Option 3","Option 4","5 to 9","Synthesized"
"Human Factors – 040.03(1)","040.03(1) Q0006","What is expectation bias?","It is the ability of our expectations to affect our perception","Option 2","Option 3","Option 4","It is the ability of our expectations to affect our perception","Synthesized"
"Human Factors – 040.03(1)","040.03(1) Q0007","Our perception is _____.","subjective","Option 2","Option 3","Option 4","subjective","Synthesized"
"Human Factors – 040.03(1)","040.03(1) Q0008","What is a somatogravic illusion?","It is an illusion of aircraft pitching up when accelerating and pitching down when decelerating","Option 2","Option 3","Option 4","It is an illusion of aircraft pitching up when accelerating and pitching down when decelerating","Synthesized"
"Human Factors – 040.03(1)","040.03(1) Q0009","What is 'the leans' illusion?","It is an illusion of aircraft flying straight when it is in a prolonged steady turn","Option 2","Option 3","Option 4","It is an illusion of aircraft flying straight when it is in a prolonged steady turn","Synthesized"
"Human Factors – 040.03(1)","040.03(1) Q0010","Which of the memory types fades most quickly?","Sensory","Option 2","Option 3","Option 4","Sensory","Synthesized"
"Human Factors – 040.03(1)","040.03(1) Q0011","What is episodic memory?","It is the memory of events form our lives, held in long-term memory","Option 2","Option 3","Option 4","It is the memory of events form our lives, held in long-term memory","Synthesized"
"Human Factors – 040.03(1)","040.03(1) Q0012","How long does the sensory memory last?","up to 3 seconds","Option 2","Option 3","Option 4","up to 3 seconds","Synthesized"
"Human Factors – 040.03(1)","040.03(1) Q0013","How long does the short-term memory last?","15-60 seconds","Option 2","Option 3","Option 4","15-60 seconds","Synthesized"
"Human Factors – 040.03(1)","040.03(1) Q0014","What are mnemonics?","Techniques used to improve long-term memory","Option 2","Option 3","Option 4","Techniques used to improve long-term memory","Synthesized"
"Human Factors – 040.03(1)","040.03(1) Q0015","Which type(s) of memory is/are affected by amnesia?","Only episodic","Option 2","Option 3","Option 4","Only episodic","Synthesized"
"Human Factors – 040.03(1)","040.03(1) Q0016","What are the three main types of learning?","Classical conditioning, insight and imitation","Option 2","Option 3","Option 4","Classical conditioning, insight and imitation","Synthesized"
"Human Factors – 040.03(1)","040.03(1) Q0017","Which of these is NOT a part of the decision-making process?","Emotion evaluation","Option 2","Option 3","Option 4","Emotion evaluation","Synthesized"
"Human Factors – 040.03(2)","040.03(2) Q0001","Which of the following best describes personality traits?","Partially innate, determined by nature and partially learnt, determined by nurture","Option 2","Option 3","Option 4","Partially innate, determined by nature and partially learnt, determined by nurture","Synthesized"
"Human Factors – 040.03(2)","040.03(2) Q0002","What is the preferred personality type of a good pilot?","Extroverted and stable","Option 2","Option 3","Option 4","Extroverted and stable","Synthesized"
"Human Factors – 040.03(2)","040.03(2) Q0003","What is attitude?","It is the way we feel about someone or something","Option 2","Option 3","Option 4","It is the way we feel about someone or something","Synthesized"
"Human Factors – 040.03(2)","040.03(2) Q0004","If terrain in front of a runway slopes downwards towards it, how does it affect the approach?","The illusion likely causes the pilot to fly too high","Option 2","Option 3","Option 4","The illusion likely causes the pilot to fly too high","Synthesized"
"Human Factors – 040.03(2)","040.03(2) Q0005","What is the relation between arousal level and performance?","High and low arousal levels decrease performance","Option 2","Option 3","Option 4","High and low arousal levels decrease performance","Synthesized"
"Human Factors – 040.03(2)","040.03(2) Q0006","Which of these does NOT increase the risk of falling into hypovigilance?","Talking with the other crewmember","Option 2","Option 3","Option 4","Talking with the other crewmember","Synthesized"
"Human Factors – 040.03(2)","040.03(2) Q0007","What does Jen Rasmussen's model divide human behaviour into?","Skill-based, rule-based and knowledge-based","Option 2","Option 3","Option 4","Skill-based, rule-based and knowledge-based","Synthesized"
"Human Factors – 040.03(2)","040.03(2) Q0008","What happens in the alarm phase of general adaptation syndrome?","Heart rate increases, pupils dilate, muscles tighten","Option 2","Option 3","Option 4","Heart rate increases, pupils dilate, muscles tighten","Synthesized"
"Human Factors – 040.03(2)","040.03(2) Q0009","What substance is released during the resistance phase of the stress response?","Cortisol","Option 2","Option 3","Option 4","Cortisol","Synthesized"
"Human Factors – 040.03(2)","040.03(2) Q0010","Which of the following describes the individual reaction to stress?","The individual reaction to stress is based on perceived demand and perceived ability and thus differs between people","Option 2","Option 3","Option 4","The individual reaction to stress is based on perceived demand and perceived ability and thus differs between people","Synthesized"
"Human Factors – 040.03(2)","040.03(2) Q0011","What are stress coping mechanisms divided into?","Action coping, cognitive coping and symptom directed coping","Option 2","Option 3","Option 4","Action coping, cognitive coping and symptom directed coping","Synthesized"
"Human Factors – 040.03(3)","040.03(3) Q0001","What is group cohesion?","A total sum of social forces and interaction keeping the group together","Option 2","Option 3","Option 4","A total sum of social forces and interaction keeping the group together","Synthesized"
"Human Factors – 040.03(3)","040.03(3) Q0002","Which sentence describes coaction and cooperation?","They are different ways of coordinating work and in cooperation people depend on results of others and synchronize their actions","Option 2","Option 3","Option 4","They are different ways of coordinating work and in cooperation people depend on results of others and synchronize their actions","Synthesized"
"Human Factors – 040.03(3)","040.03(3) Q0003","What are the types of cockpit authority gradients?","Autocratic, synergistic and laisser-faire","Option 2","Option 3","Option 4","Autocratic, synergistic and laisser-faire","Synthesized"
"Human Factors – 040.03(3)","040.03(3) Q0004","The captain does not delegate, imposes their will and makes snarky comments that rarely contain useful feedback. What type of cockpit authority gradient is that?","Autocratic","Option 2","Option 3","Option 4","Autocratic","Synthesized"
"Human Factors – 040.03(3)","040.03(3) Q0005","What is a risky shift?","It is a tendency of people in groups to make a riskier decision than individually","Option 2","Option 3","Option 4","It is a tendency of people in groups to make a riskier decision than individually","Synthesized"
"Human Factors – 040.03(3)","040.03(3) Q0006","What is the smallest amount of information that can be communicated called?","A bit","Option 2","Option 3","Option 4","A bit","Synthesized"
"Human Factors – 040.03(3)","040.03(3) Q0007","Which of the following statements about an implicit question is true?","The implicit question requires the respondent to perform some deduction and critical thinking","Option 2","Option 3","Option 4","The implicit question requires the respondent to perform some deduction and critical thinking","Synthesized"
"Human Factors – 040.03(3)","040.03(3) Q0008","What type of question requires a straightforward yes/no answer?","Explicit question","Option 2","Option 3","Option 4","Explicit question","Synthesized"
"Human Factors – 040.03(3)","040.03(3) Q0009","What is a leading question?","A question that contains the preferred answer and usually ends with ""isn't it?"" or similar expression","Option 2","Option 3","Option 4","A question that contains the preferred answer and usually ends with ""isn't it?"" or similar expression","Synthesized"
"Human Factors – 040.03(3)","040.03(3) Q0010","What is the maximum length of an effective briefing?","10 ideas","Option 2","Option 3","Option 4","10 ideas","Synthesized"
"Human Factors – 040.03(3)","040.03(3) Q0011","What are the three stages of the general adaptation syndrome?","Alarm, resistance and exhaustion","Option 2","Option 3","Option 4","Alarm, resistance and exhaustion","Synthesized"
"Human Factors – 040.03(3)","040.03(3) Q0012","What suffers first when a conflict arises between crew members?","Communication","Option 2","Option 3","Option 4","Communication","Synthesized"
"Human Factors – 040.03(3)","040.03(3) Q0013","What is the relationship between personality, attitude and behaviour?","Behaviour is the visible product of attitude and personality","Option 2","Option 3","Option 4","Behaviour is the visible product of attitude and personality","Synthesized"
"Human Factors – 040.03(3)","040.03(3) Q0014","In what aspects is a man better than a machine?","Decision making","Option 2","Option 3","Option 4","Decision making","Synthesized"
"Human Factors – 040.03(3)","040.03(3) Q0015","In communication, what is a 'channel'?","A medium which carries the information","Option 2","Option 3","Option 4","A medium which carries the information","Synthesized"
"Human Factors – 040.03(3)","040.03(3) Q0016","What is the purpose of briefings?","To inform crew members about anticipated actions and allocate responsibilities to likely or problematic events","Option 2","Option 3","Option 4","To inform crew members about anticipated actions and allocate responsibilities to likely or problematic events","Synthesized"
"Human Factors – 040.03(3)","040.03(3) Q0017","Which factors increase hypovigilance?","Monotony and low light","Option 2","Option 3","Option 4","Monotony and low light","Synthesized"
"Human Factors – 040.03(3)","040.03(3) Q0018","When do we switch from rule-based behaviour to skill-based behaviour?","When we develop needed motor programmes through training","Option 2","Option 3","Option 4","When we develop needed motor programmes through training","Synthesized"
"Human Factors – 040.03(4)","040.03(4) Q0001","What does automation allow pilots to do?","To focus on maintaining situational awareness and decision making","Option 2","Option 3","Option 4","To focus on maintaining situational awareness and decision making","Synthesized"
"Human Factors – 040.03(4)","040.03(4) Q0002","Which of the following statements describes the effect of using automation in the cockpit?","It makes it harder for a pilot to maintain skills needed in emergency situations","Option 2","Option 3","Option 4","It makes it harder for a pilot to maintain skills needed in emergency situations","Synthesized"
"Human Factors – 040.03(4)","040.03(4) Q0003","What should pilots do to be able to react correctly in emergency situations?","They should practice manual flight in simulators and perform some actions manually in usual conditions","Option 2","Option 3","Option 4","They should practice manual flight in simulators and perform some actions manually in usual conditions","Synthesized"
"Human Factors – 040.03(4)","040.03(4) Q0004","How long can an average human monitor an automated system before giving in to boredom and hypovigilance?","30 minutes","Option 2","Option 3","Option 4","30 minutes","Synthesized"
"Human Factors – 040.03(4)","040.03(4) Q0005","040.03 Part 4 Q0005 : What does the correct level of automation depend on?","Flight phase, time available, the time it will be used for","Option 2","Option 3","Option 4","Flight phase, time available, the time it will be used for","Synthesized"
"Human Factors – 040.03(4)","040.03(4) Q0006","If a pilot loses the understanding of automated system's actions, they should _____.","lower the automation level or take manual control to regain situational awareness","Option 2","Option 3","Option 4","lower the automation level or take manual control to regain situational awareness","Synthesized"
"Human Factors – 040.03(4)","040.03(4) Q0007","What is the main difference in automation design between Airbus and Boeing?","The approach to whether the pilot should be trusted over automated systems with keeping the aircraft safe","Option 2","Option 3","Option 4","The approach to whether the pilot should be trusted over automated systems with keeping the aircraft safe","Synthesized"
"Human Factors – 040.03(4)","040.03(4) Q0008","How does the preferred level of automation change with the type of operation?","Automation level is high in routine operation and low in abnormal situations","Option 2","Option 3","Option 4","Automation level is high in routine operation and low in abnormal situations","Synthesized"
"Human Factors – 040.03(4)","040.03(4) Q0009","What is the environmental capture?","It is performing an action in the environment it is usually performed even if it is incorrect to do so","Option 2","Option 3","Option 4","It is performing an action in the environment it is usually performed even if it is incorrect to do so","Synthesized"
"Human Factors – 040.03(4)","040.03(4) Q0010","What is the current thinking about human error?","It is inescapable but its impact can be reduced through training and use of technology","Option 2","Option 3","Option 4","It is inescapable but its impact can be reduced through training and use of technology","Synthesized"
"Human Factors – 040.03(4)","040.03(4) Q0011","Which of the following statements describes skill-based errors?","Skill-based errors are specific to experienced pilots but not novices","Option 2","Option 3","Option 4","Skill-based errors are specific to experienced pilots but not novices","Synthesized"
"Human Factors – 040.03(4)","040.03(4) Q0012","How does the stress level affect performance?","Performance decreases both at low and high stress levels","Option 2","Option 3","Option 4","Performance decreases both at low and high stress levels","Synthesized"
"Human Factors – 040.03(4)","040.03(4) Q0013","Which of the memory types is subjective? Select the most complete answer.","Episodic memory","Option 2","Option 3","Option 4","Episodic memory","Synthesized"
"Human Factors – 040.03(4)","040.03(4) Q0014","What are the categories of risk?","Objective/external and subjective/internal","Option 2","Option 3","Option 4","Objective/external and subjective/internal","Synthesized"
"Human Factors – 040.03(4)","040.03(4) Q0015","What is a natural human bias about a risky decision?","People tend to make a risky loss rather than a certain one, even if the expected value of the latter is smaller","Option 2","Option 3","Option 4","People tend to make a risky loss rather than a certain one, even if the expected value of the latter is smaller","Synthesized"
